{
  "@id": "dtmi:contosocom:DigitalTwins:Thermostat;1",
  "@type": "Interface",
  "displayName": "Thermostat interface model",
  "@context": "dtmi:dtdl:context;2",
  "contents": [
    {
      "@type": "Property",
      "name": "DisplayName",
      "schema": "string"
    },
    {
      "@type": "Property",
      "name": "Location",
      "schema": "string"
    },
    {
      "@type": "Property",
      "name": "FirmwareVersion",
      "schema": "string"
    },
    {
      "@type": "Property",
      "name": "Temperature",
      "schema": "double"
    },
    {
      "@type": "Property",
      "name": "ComfortIndex",
      "schema": "double"
    },
    {
      "@type": "Relationship",
      "name": "contains",
      "displayName": "contains",
      "properties": [
        {
          "name": "ownershipUser",
          "@type": "Property",
          "schema": "string"
        },
        {
          "name": "ownershipDepartment",
          "@type": "Property",
          "schema": "string"
        }
      ]
    },
    {
      "@type": "Relationship",
      "name": "serves",
      "displayName": "serves",
      "properties": [
        {
          "name": "ownershipUser",
          "@type": "Property",
          "schema": "string"
        },
        {
          "name": "ownershipDepartment",
          "@type": "Property",
          "schema": "string"
        }
      ]
    }
  ]
}